{
  "params": {
    "num_hidden_layers": 1,
    "hidden_dim_0": 96,
    "lr": 0.0002488691940667448,
    "epochs": 44
  },
  "value": 0.24245070919394493
}