{
  "accuracy": 0.8819596774193549,
  "f1_score": 0.8833686227819019,
  "roc_auc": 0.8820241541739989,
  "precision": 0.857367922562174,
  "recall": 0.9178283114889919
}