{
  "accuracy": 0.88375,
  "f1_score": 0.8842229503912401,
  "roc_auc": 0.8846888058793629,
  "precision": 0.872748393024244,
  "recall": 0.9023311630921531
}